ID,Student_first name,Student_last_name,Address
2022001,Bobby,Roberts,10 Rathdown Crescent Carrick Court County Dublin D13 YV05
2022002,Logan,Larson,Ê4 Charnwood Green County Dublin D15 NPY1
2022003,Shannon,Hester,5 Charlemont Road County Dublin  D03 VW10
2022004,Logan,Valentine,29 Wyattville Park Dœn Laoghaire-Rathdown
2022005,Tony,Stevenson,17 North Circular Road County Limerick V94 P8WC
2022006,Katelyn,Ford,10 Court ViewCounty Carlow
2022007,Alexandria,Clark,34 Woodbine Road  Dœn Laoghaire-Rathdown A91 HX31
2022008,Bryan,Bradshaw,The Fiddlers 3 O'Connell Street County Westmeath N37 X213
2022009,Brian,Williams,7 Barleyfield County Cork T34 TD77
2022010,Ashley,Johnson,21 Palmerston Park  County Dublin D06 EY73
2022011,Chad,Shah,19 Rathdown Crescent Carrick Court County Dublin D13 YV05
2022012,Alec,Miller,Ê499 Charnwood Green County Dublin D15 NPY1
2022013,Michael,Flores,85 Charlemont Road County Dublin  D03 VW10
2022014,Candice,Weber,2 Wyattville Park Dœn Laoghaire-Rathdown
2022015,Bryan,Daugherty,1 North Circular Road County Limerick V94 P8WC
2022016,Jennifer,Stanley,22 Court ViewCounty Carlow
2022017,Jeanette,Webster,5 Woodbine Road  Dœn Laoghaire-Rathdown A91 HX31
2022018,Laura,Oliver, 7 O'Connell Street County Westmeath N37 X213
2022019,Michele,Harris,77 Barleyfield County Cork T34 TD77
2022020,Sheila,Edwards,217 Palmerston Park  County Dublin D06 EY73